{"cameraMode":{"drawMode":0,"name":"Shaded","section":"Shading Mode"},"sceneLighting":true,"audioPlay":false,"sceneViewState":{"m_AlwaysRefresh":false,"showFog":true,"showSkybox":true,"showFlares":true,"showImageEffects":true,"showParticleSystems":true,"showVisualEffectGraphs":true,"m_FxEnabled":true},"in2DMode":false,"pivot":{"x":3.5618529319763185,"y":-9.151128768920899,"z":-3.8634450435638429},"rotation":{"x":0.49393266439437868,"y":-0.0002490901970304549,"z":0.00014053685299586505,"w":0.8695192933082581},"size":11.367143630981446,"orthographic":false}