{"cameraMode":{"drawMode":0,"name":"Shaded","section":"Shading Mode"},"sceneLighting":true,"audioPlay":false,"sceneViewState":{"m_AlwaysRefresh":false,"showFog":true,"showSkybox":true,"showFlares":true,"showImageEffects":true,"showParticleSystems":true,"showVisualEffectGraphs":true,"m_FxEnabled":true},"in2DMode":false,"pivot":{"x":5.312960147857666,"y":-8.307344436645508,"z":-1.8723273277282715},"rotation":{"x":0.507552981376648,"y":-0.021979719400405885,"z":0.012916918843984604,"w":0.8613106608390808},"size":12.676580429077149,"orthographic":true}