{"cameraMode":{"drawMode":0,"name":"Shaded","section":"Shading Mode"},"sceneLighting":true,"audioPlay":false,"sceneViewState":{"m_AlwaysRefresh":false,"showFog":true,"showSkybox":true,"showFlares":true,"showImageEffects":true,"showParticleSystems":true,"showVisualEffectGraphs":true,"m_FxEnabled":true},"in2DMode":false,"pivot":{"x":-11.272974014282227,"y":1.6916433572769166,"z":-4.968626976013184},"rotation":{"x":0.4292079210281372,"y":0.06628646701574326,"z":-0.03160298615694046,"w":0.9002256989479065},"size":1.8202235698699952,"orthographic":false}